Workbook

Sheet Guide
A1: دليل ملف البيانات
A3: الورقة | B3: ما الذي تحتويه / كيف تُحدَّث
A4: Config | B4: اسم المشروع والمانح والشريك والتواريخ.
A5: Sectors | B5: القطاعات وألوانها.
A6: Governorates | B6: المحافظات. يمكن كتابة ملاحظة لكل محافظة في Note_AR / Note_EN وستظهر في الموقع عند اختيارها.
A7: Indicators | B7: تعريف المؤشرات فقط (الاسم والقطاع والوحدة). الأعمدة الرمادية محسوبة تلقائيًا.
A8: Indicator_Data | B8: هدف وإنجاز كل مؤشر لكل محافظة (صف لكل محافظة × مؤشر). هنا تُدخل الأرقام.
A9: Activities | B9: تعريف الأنشطة فقط. الأعمدة الرمادية مجاميع محسوبة.
A10: Activity_Data | B10: ميزانية وهدف وإنجاز وحالة كل نشاط لكل محافظة (صف لكل محافظة × نشاط). الحالة: Planned أو Ongoing أو Completed.
A11: Allocations | B11: أهداف وإنجاز الأفراد والأنشطة لكل محافظة وقطاع.
A12: Updates | B12: الأخبار. ضع الرابط في URL واجعل Published = Yes.
A13: Summary | B13: ملخص محسوب بالمعادلات لكل محافظة ولكل قطاع. لا يقرؤه الموقع.
A15: قواعد عامة
A16: الخلايا الرمادية | B16: معادلات محسوبة، لا تعدّلها.
A17: محافظة جديدة | B17: أضفها في Governorates ثم أضف صفوفها في Indicator_Data وActivity_Data وAllocations. وسّع صفوف Summary إن لزم.
A18: لا تغيّر | B18: أسماء الأوراق ولا رؤوس الأعمدة (الصف الثالث) ولا قيم ID بعد استخدامها.
A20: تنبيه مهم | B20: الأرقام الحالية في Indicator_Data وActivity_Data قيم أولية: وُزّعت أرقام المشروع الأصلية على المحافظات بالتناسب مع أهداف الأفراد في Allocations (والإنجاز على المحافظات التي بدأ فيها التنفيذ). استبدلها بالأرقام الفعلية لكل محافظة.
A21: تنبيه مهم | B21: إنجاز المؤشرات الأصلي (مثل 3000 طفل في التعليم) لا يطابق مجموع الإنجاز في Allocations (417)، لذلك يتجاوز بعض المؤشرات هدفه في المحافظات التي بدأت. راجع الأرقام.

Sheet Config
A1: Config
A3: Key | B3: Arabic | C3: English
A4: ProjectName | B4: الوصول لكل طفل في حالات الطوارئ | C4: Reaching Every Child In Emergencies
A5: Donor | B5: منظمة الأمم المتحدة للطفولة - يونيسف | C5: United Nations Children’s Fund - UNICEF
A6: Partner | B6: منظمة صناع النهضة | C6: Nahda Makers Organization
A7: StartDate | B7: 27 أغسطس 2026 | C7: 27 August 2026
A8: EndDate | B8: 31 ديسمبر 2027 | C8: 31 December 2027
A9: LastUpdated | B9: 10 أكتوبر 2026 | C9: 10 October 2026

Sheet Sectors
A1: Sectors
A3: ID | B3: Arabic | C3: English | D3: Color
A4: ALL | B4: جميع القطاعات | C4: All Sectors | D4: #009FE3
A5: EDU | B5: التعليم | C5: Education | D5: #168CE5
A6: CP | B6: حماية الطفل | C6: Child Protection | D6: #7357C8
A7: WATER | B7: المياه | C7: Water Supply | D7: #20B8C1
A8: SAN | B8: الإصحاح والنظافة | C8: Sanitation & Hygiene | D8: #2AAE72
A9: SBC | B9: التغيير الاجتماعي والسلوكي | C9: Social & Behaviour Change | D9: #F2A528

Sheet Governorates
A1: Governorates
A3: ID | B3: Arabic | C3: English | D3: Note_AR | E3: Note_EN
A4: ALL | B4: جميع المحافظات | C4: All Governorates
A5: ABY | B5: أبين | C5: Abyan
A6: TAI | B6: تعز | C6: Taiz
A7: DAL | B7: الضالع | C7: Ad Dali
A8: HOD | B8: الحديدة | C8: Al Hodeidah
A9: SHB | B9: شبوة | C9: Shabwah
A10: ADE | B10: عدن | C10: Aden
A11: LAH | B11: لحج | C11: Lahj

Sheet Indicators
A1: Indicators
A3: ID | B3: SectorID | C3: Arabic | D3: English | E3: Unit_AR | F3: Unit_EN | G3: Target_Total | H3: Actual_Total | I3: Progress
A4: I01 | B4: EDU | C4: الأطفال الذين حصلوا على فرص تعليم آمنة | D4: Children accessing safe education opportunities | E4: طفل | F4: Children | G4: =SUMIFS(Indicator_Data!$C$4:$C$500,Indicator_Data!$B$4:$B$500,$A4) -> 3900 | H4: =SUMIFS(Indicator_Data!$D$4:$D$500,Indicator_Data!$B$4:$B$500,$A4) -> 3000 | I4: =IF(G4>0,H4/G4,0) -> 0.76923077
A5: I02 | B5: EDU | C5: المعلمون المدرّبون والمتلقون للحوافز | D5: Teachers trained and receiving incentives | E5: معلم | F5: Teachers | G5: =SUMIFS(Indicator_Data!$C$4:$C$500,Indicator_Data!$B$4:$B$500,$A5) -> 132 | H5: =SUMIFS(Indicator_Data!$D$4:$D$500,Indicator_Data!$B$4:$B$500,$A5) -> 100 | I5: =IF(G5>0,H5/G5,0) -> 0.75757576
A6: I03 | B6: CP | C6: الأطفال المستفيدون من إدارة الحالة | D6: Children receiving case management | E6: طفل | F6: Children | G6: =SUMIFS(Indicator_Data!$C$4:$C$500,Indicator_Data!$B$4:$B$500,$A6) -> 300 | H6: =SUMIFS(Indicator_Data!$D$4:$D$500,Indicator_Data!$B$4:$B$500,$A6) -> 150 | I6: =IF(G6>0,H6/G6,0) -> 0.5
A7: I04 | B7: CP | C7: الأشخاص المشاركون في التوعية بالحماية | D7: People reached through protection awareness | E7: شخص | F7: People | G7: =SUMIFS(Indicator_Data!$C$4:$C$500,Indicator_Data!$B$4:$B$500,$A7) -> 6000 | H7: =SUMIFS(Indicator_Data!$D$4:$D$500,Indicator_Data!$B$4:$B$500,$A7) -> 2000 | I7: =IF(G7>0,H7/G7,0) -> 0.33333333
A8: I05 | B8: WATER | C8: الأشخاص المستفيدون من خدمات المياه | D8: People reached with water services | E8: شخص | F8: People | G8: =SUMIFS(Indicator_Data!$C$4:$C$500,Indicator_Data!$B$4:$B$500,$A8) -> 3900 | H8: =SUMIFS(Indicator_Data!$D$4:$D$500,Indicator_Data!$B$4:$B$500,$A8) -> 1500 | I8: =IF(G8>0,H8/G8,0) -> 0.38461538
A9: I06 | B9: SBC | C9: المتطوعون المجتمعيون المدرّبون | D9: Community volunteers trained | E9: متطوع | F9: Volunteers | G9: =SUMIFS(Indicator_Data!$C$4:$C$500,Indicator_Data!$B$4:$B$500,$A9) -> 12 | H9: =SUMIFS(Indicator_Data!$D$4:$D$500,Indicator_Data!$B$4:$B$500,$A9) -> 6 | I9: =IF(G9>0,H9/G9,0) -> 0.5
A10: I07 | B10: SAN | C10: المستفيدون من خدمات الإصحاح والنظافة | D10: People accessing sanitation and hygiene services | E10: شخص | F10: People | G10: =SUMIFS(Indicator_Data!$C$4:$C$500,Indicator_Data!$B$4:$B$500,$A10) -> 3900 | H10: =SUMIFS(Indicator_Data!$D$4:$D$500,Indicator_Data!$B$4:$B$500,$A10) -> 1000 | I10: =IF(G10>0,H10/G10,0) -> 0.25641026

Sheet Indicator_Data
A1: Indicator_Data
A3: GovernorateID | B3: IndicatorID | C3: Target | D3: Actual | E3: Governorate | F3: Indicator | G3: Progress
A4: ABY | B4: I01 | C4: 560 | D4: 734 | E4: =IFERROR(INDEX(Governorates!$B$4:$B$60,MATCH($A4,Governorates!$A$4:$A$60,0)),"") -> أبين | F4: =IFERROR(INDEX(Indicators!$C$4:$C$60,MATCH($B4,Indicators!$A$4:$A$60,0)),"") -> الأطفال الذين حصلوا على فرص تعليم آمنة | G4: =IF(C4>0,D4/C4,0) -> 1.3107143
A5: ABY | B5: I02 | C5: 19 | D5: 25 | E5: =IFERROR(INDEX(Governorates!$B$4:$B$60,MATCH($A5,Governorates!$A$4:$A$60,0)),"") -> أبين | F5: =IFERROR(INDEX(Indicators!$C$4:$C$60,MATCH($B5,Indicators!$A$4:$A$60,0)),"") -> المعلمون المدرّبون والمتلقون للحوافز | G5: =IF(C5>0,D5/C5,0) -> 1.3157895
A6: ABY | B6: I03 | C6: 43 | D6: 37 | E6: =IFERROR(INDEX(Governorates!$B$4:$B$60,MATCH($A6,Governorates!$A$4:$A$60,0)),"") -> أبين | F6: =IFERROR(INDEX(Indicators!$C$4:$C$60,MATCH($B6,Indicators!$A$4:$A$60,0)),"") -> الأطفال المستفيدون من إدارة الحالة | G6: =IF(C6>0,D6/C6,0) -> 0.86046512
A7: ABY | B7: I04 | C7: 862 | D7: 489 | E7: =IFERROR(INDEX(Governorates!$B$4:$B$60,MATCH($A7,Governorates!$A$4:$A$60,0)),"") -> أبين | F7: =IFERROR(INDEX(Indicators!$C$4:$C$60,MATCH($B7,Indicators!$A$4:$A$60,0)),"") -> الأشخاص المشاركون في التوعية بالحماية | G7: =IF(C7>0,D7/C7,0) -> 0.56728538
A8: ABY | B8: I05 | C8: 560 | D8: 367 | E8: =IFERROR(INDEX(Governorates!$B$4:$B$60,MATCH($A8,Governorates!$A$4:$A$60,0)),"") -> أبين | F8: =IFERROR(INDEX(Indicators!$C$4:$C$60,MATCH($B8,Indicators!$A$4:$A$60,0)),"") -> الأشخاص المستفيدون من خدمات المياه | G8: =IF(C8>0,D8/C8,0) -> 0.65535714
A9: ABY | B9: I06 | C9: 2 | D9: 2 | E9: =IFERROR(INDEX(Governorates!$B$4:$B$60,MATCH($A9,Governorates!$A$4:$A$60,0)),"") -> أبين | F9: =IFERROR(INDEX(Indicators!$C$4:$C$60,MATCH($B9,Indicators!$A$4:$A$60,0)),"") -> المتطوعون المجتمعيون المدرّبون | G9: =IF(C9>0,D9/C9,0) -> 1
A10: ABY | B10: I07 | C10: 560 | D10: 245 | E10: =IFERROR(INDEX(Governorates!$B$4:$B$60,MATCH($A10,Governorates!$A$4:$A$60,0)),"") -> أبين | F10: =IFERROR(INDEX(Indicators!$C$4:$C$60,MATCH($B10,Indicators!$A$4:$A$60,0)),"") -> المستفيدون من خدمات الإصحاح والنظافة | G10: =IF(C10>0,D10/C10,0) -> 0.4375
A11: TAI | B11: I01 | C11: 560 | D11: 734 | E11: =IFERROR(INDEX(Governorates!$B$4:$B$60,MATCH($A11,Governorates!$A$4:$A$60,0)),"") -> تعز | F11: =IFERROR(INDEX(Indicators!$C$4:$C$60,MATCH($B11,Indicators!$A$4:$A$60,0)),"") -> الأطفال الذين حصلوا على فرص تعليم آمنة | G11: =IF(C11>0,D11/C11,0) -> 1.3107143
A12: TAI | B12: I02 | C12: 19 | D12: 24 | E12: =IFERROR(INDEX(Governorates!$B$4:$B$60,MATCH($A12,Governorates!$A$4:$A$60,0)),"") -> تعز | F12: =IFERROR(INDEX(Indicators!$C$4:$C$60,MATCH($B12,Indicators!$A$4:$A$60,0)),"") -> المعلمون المدرّبون والمتلقون للحوافز | G12: =IF(C12>0,D12/C12,0) -> 1.2631579
A13: TAI | B13: I03 | C13: 43 | D13: 37 | E13: =IFERROR(INDEX(Governorates!$B$4:$B$60,MATCH($A13,Governorates!$A$4:$A$60,0)),"") -> تعز | F13: =IFERROR(INDEX(Indicators!$C$4:$C$60,MATCH($B13,Indicators!$A$4:$A$60,0)),"") -> الأطفال المستفيدون من إدارة الحالة | G13: =IF(C13>0,D13/C13,0) -> 0.86046512
A14: TAI | B14: I04 | C14: 862 | D14: 489 | E14: =IFERROR(INDEX(Governorates!$B$4:$B$60,MATCH($A14,Governorates!$A$4:$A$60,0)),"") -> تعز | F14: =IFERROR(INDEX(Indicators!$C$4:$C$60,MATCH($B14,Indicators!$A$4:$A$60,0)),"") -> الأشخاص المشاركون في التوعية بالحماية | G14: =IF(C14>0,D14/C14,0) -> 0.56728538
A15: TAI | B15: I05 | C15: 560 | D15: 367 | E15: =IFERROR(INDEX(Governorates!$B$4:$B$60,MATCH($A15,Governorates!$A$4:$A$60,0)),"") -> تعز | F15: =IFERROR(INDEX(Indicators!$C$4:$C$60,MATCH($B15,Indicators!$A$4:$A$60,0)),"") -> الأشخاص المستفيدون من خدمات المياه | G15: =IF(C15>0,D15/C15,0) -> 0.65535714
... A52: LAH | B52: I07 | C52: 500 | D52: 0 | E52: =IFERROR(INDEX(Governorates!$B$4:$B$60,MATCH($A52,Governorates!$A$4:$A$60,0)),"") -> لحج | F52: =IFERROR(INDEX(Indicators!$C$4:$C$60,MATCH($B52,Indicators!$A$4:$A$60,0)),"") -> المستفيدون من خدمات الإصحاح والنظافة | G52: =IF(C52>0,D52/C52,0) -> 0

Sheet Activities
A1: Activities
A3: ID | B3: SectorID | C3: Arabic | D3: English | E3: Budget_Total | F3: Target_Total | G3: Actual_Total
A4: A01 | B4: EDU | C4: المشاركة المجتمعية وتفعيل لجان التعليم | D4: Community engagement and education committees | E4: =SUMIFS(Activity_Data!$C$4:$C$500,Activity_Data!$B$4:$B$500,$A4) -> 49047 | F4: =SUMIFS(Activity_Data!$D$4:$D$500,Activity_Data!$B$4:$B$500,$A4) -> 100 | G4: =SUMIFS(Activity_Data!$E$4:$E$500,Activity_Data!$B$4:$B$500,$A4) -> 0
A5: A02 | B5: EDU | C5: التعليم الاستدراكي وبناء قدرات المعلمين | D5: Catch-up learning and teacher capacity building | E5: =SUMIFS(Activity_Data!$C$4:$C$500,Activity_Data!$B$4:$B$500,$A5) -> 93672 | F5: =SUMIFS(Activity_Data!$D$4:$D$500,Activity_Data!$B$4:$B$500,$A5) -> 132 | G5: =SUMIFS(Activity_Data!$E$4:$E$500,Activity_Data!$B$4:$B$500,$A5) -> 0
A6: A03 | B6: EDU | C6: حقائب التعلم ومساحات التعلم المؤقتة | D6: Learning kits and temporary learning spaces | E6: =SUMIFS(Activity_Data!$C$4:$C$500,Activity_Data!$B$4:$B$500,$A6) -> 242400 | F6: =SUMIFS(Activity_Data!$D$4:$D$500,Activity_Data!$B$4:$B$500,$A6) -> 3900 | G6: =SUMIFS(Activity_Data!$E$4:$E$500,Activity_Data!$B$4:$B$500,$A6) -> 0
A7: A04 | B7: CP | C7: التوعية بمخاطر الذخائر المتفجرة | D7: Explosive ordnance risk education | E7: =SUMIFS(Activity_Data!$C$4:$C$500,Activity_Data!$B$4:$B$500,$A7) -> 73485 | F7: =SUMIFS(Activity_Data!$D$4:$D$500,Activity_Data!$B$4:$B$500,$A7) -> 6000 | G7: =SUMIFS(Activity_Data!$E$4:$E$500,Activity_Data!$B$4:$B$500,$A7) -> 0
A8: A05 | B8: CP | C8: الدعم النفسي والاجتماعي وإدارة الحالة | D8: Psychosocial support and case management | E8: =SUMIFS(Activity_Data!$C$4:$C$500,Activity_Data!$B$4:$B$500,$A8) -> 129580 | F8: =SUMIFS(Activity_Data!$D$4:$D$500,Activity_Data!$B$4:$B$500,$A8) -> 300 | G8: =SUMIFS(Activity_Data!$E$4:$E$500,Activity_Data!$B$4:$B$500,$A8) -> 0
A9: A06 | B9: WATER | C9: تأهيل نقاط ومصادر المياه | D9: Rehabilitation of water points and sources | E9: =SUMIFS(Activity_Data!$C$4:$C$500,Activity_Data!$B$4:$B$500,$A9) -> 71706.2 | F9: =SUMIFS(Activity_Data!$D$4:$D$500,Activity_Data!$B$4:$B$500,$A9) -> 3900 | G9: =SUMIFS(Activity_Data!$E$4:$E$500,Activity_Data!$B$4:$B$500,$A9) -> 0
A10: A07 | B10: SBC | C10: تدريب المتطوعين والتوعية المجتمعية | D10: Volunteer training and community outreach | E10: =SUMIFS(Activity_Data!$C$4:$C$500,Activity_Data!$B$4:$B$500,$A10) -> 26661 | F10: =SUMIFS(Activity_Data!$D$4:$D$500,Activity_Data!$B$4:$B$500,$A10) -> 3900 | G10: =SUMIFS(Activity_Data!$E$4:$E$500,Activity_Data!$B$4:$B$500,$A10) -> 0
A11: A08 | B11: SAN | C11: توزيع حقائب النظافة | D11: Distribution of hygiene kits | E11: =SUMIFS(Activity_Data!$C$4:$C$500,Activity_Data!$B$4:$B$500,$A11) -> 12900 | F11: =SUMIFS(Activity_Data!$D$4:$D$500,Activity_Data!$B$4:$B$500,$A11) -> 3900 | G11: =SUMIFS(Activity_Data!$E$4:$E$500,Activity_Data!$B$4:$B$500,$A11) -> 0

Sheet Activity_Data
A1: Activity_Data
A3: GovernorateID | B3: ActivityID | C3: Budget_USD | D3: Target | E3: Actual | F3: Status | G3: Governorate | H3: Activity | I3: SectorID
A4: ABY | B4: A01 | C4: 7042.65 | D4: 15 | E4: 0 | F4: Planned | G4: =IFERROR(INDEX(Governorates!$B$4:$B$60,MATCH($A4,Governorates!$A$4:$A$60,0)),"") -> أبين | H4: =IFERROR(INDEX(Activities!$C$4:$C$60,MATCH($B4,Activities!$A$4:$A$60,0)),"") -> المشاركة المجتمعية وتفعيل لجان التعليم | I4: =IFERROR(INDEX(Activities!$B$4:$B$60,MATCH($B4,Activities!$A$4:$A$60,0)),"") -> EDU
A5: ABY | B5: A02 | C5: 13450.34 | D5: 19 | E5: 0 | F5: Planned | G5: =IFERROR(INDEX(Governorates!$B$4:$B$60,MATCH($A5,Governorates!$A$4:$A$60,0)),"") -> أبين | H5: =IFERROR(INDEX(Activities!$C$4:$C$60,MATCH($B5,Activities!$A$4:$A$60,0)),"") -> التعليم الاستدراكي وبناء قدرات المعلمين | I5: =IFERROR(INDEX(Activities!$B$4:$B$60,MATCH($B5,Activities!$A$4:$A$60,0)),"") -> EDU
A6: ABY | B6: A03 | C6: 34806.15 | D6: 560 | E6: 0 | F6: Planned | G6: =IFERROR(INDEX(Governorates!$B$4:$B$60,MATCH($A6,Governorates!$A$4:$A$60,0)),"") -> أبين | H6: =IFERROR(INDEX(Activities!$C$4:$C$60,MATCH($B6,Activities!$A$4:$A$60,0)),"") -> حقائب التعلم ومساحات التعلم المؤقتة | I6: =IFERROR(INDEX(Activities!$B$4:$B$60,MATCH($B6,Activities!$A$4:$A$60,0)),"") -> EDU
A7: ABY | B7: A04 | C7: 10551.69 | D7: 862 | E7: 0 | F7: Planned | G7: =IFERROR(INDEX(Governorates!$B$4:$B$60,MATCH($A7,Governorates!$A$4:$A$60,0)),"") -> أبين | H7: =IFERROR(INDEX(Activities!$C$4:$C$60,MATCH($B7,Activities!$A$4:$A$60,0)),"") -> التوعية بمخاطر الذخائر المتفجرة | I7: =IFERROR(INDEX(Activities!$B$4:$B$60,MATCH($B7,Activities!$A$4:$A$60,0)),"") -> CP
A8: ABY | B8: A05 | C8: 18606.36 | D8: 43 | E8: 0 | F8: Planned | G8: =IFERROR(INDEX(Governorates!$B$4:$B$60,MATCH($A8,Governorates!$A$4:$A$60,0)),"") -> أبين | H8: =IFERROR(INDEX(Activities!$C$4:$C$60,MATCH($B8,Activities!$A$4:$A$60,0)),"") -> الدعم النفسي والاجتماعي وإدارة الحالة | I8: =IFERROR(INDEX(Activities!$B$4:$B$60,MATCH($B8,Activities!$A$4:$A$60,0)),"") -> CP
A9: ABY | B9: A06 | C9: 10296.28 | D9: 560 | E9: 0 | F9: Planned | G9: =IFERROR(INDEX(Governorates!$B$4:$B$60,MATCH($A9,Governorates!$A$4:$A$60,0)),"") -> أبين | H9: =IFERROR(INDEX(Activities!$C$4:$C$60,MATCH($B9,Activities!$A$4:$A$60,0)),"") -> تأهيل نقاط ومصادر المياه | I9: =IFERROR(INDEX(Activities!$B$4:$B$60,MATCH($B9,Activities!$A$4:$A$60,0)),"") -> WATER
A10: ABY | B10: A07 | C10: 3828.25 | D10: 560 | E10: 0 | F10: Planned | G10: =IFERROR(INDEX(Governorates!$B$4:$B$60,MATCH($A10,Governorates!$A$4:$A$60,0)),"") -> أبين | H10: =IFERROR(INDEX(Activities!$C$4:$C$60,MATCH($B10,Activities!$A$4:$A$60,0)),"") -> تدريب المتطوعين والتوعية المجتمعية | I10: =IFERROR(INDEX(Activities!$B$4:$B$60,MATCH($B10,Activities!$A$4:$A$60,0)),"") -> SBC
A11: ABY | B11: A08 | C11: 1852.31 | D11: 560 | E11: 0 | F11: Planned | G11: =IFERROR(INDEX(Governorates!$B$4:$B$60,MATCH($A11,Governorates!$A$4:$A$60,0)),"") -> أبين | H11: =IFERROR(INDEX(Activities!$C$4:$C$60,MATCH($B11,Activities!$A$4:$A$60,0)),"") -> توزيع حقائب النظافة | I11: =IFERROR(INDEX(Activities!$B$4:$B$60,MATCH($B11,Activities!$A$4:$A$60,0)),"") -> SAN
A12: TAI | B12: A01 | C12: 7042.65 | D12: 14 | E12: 0 | F12: Planned | G12: =IFERROR(INDEX(Governorates!$B$4:$B$60,MATCH($A12,Governorates!$A$4:$A$60,0)),"") -> تعز | H12: =IFERROR(INDEX(Activities!$C$4:$C$60,MATCH($B12,Activities!$A$4:$A$60,0)),"") -> المشاركة المجتمعية وتفعيل لجان التعليم | I12: =IFERROR(INDEX(Activities!$B$4:$B$60,MATCH($B12,Activities!$A$4:$A$60,0)),"") -> EDU
A13: TAI | B13: A02 | C13: 13450.34 | D13: 19 | E13: 0 | F13: Planned | G13: =IFERROR(INDEX(Governorates!$B$4:$B$60,MATCH($A13,Governorates!$A$4:$A$60,0)),"") -> تعز | H13: =IFERROR(INDEX(Activities!$C$4:$C$60,MATCH($B13,Activities!$A$4:$A$60,0)),"") -> التعليم الاستدراكي وبناء قدرات المعلمين | I13: =IFERROR(INDEX(Activities!$B$4:$B$60,MATCH($B13,Activities!$A$4:$A$60,0)),"") -> EDU
A14: TAI | B14: A03 | C14: 34806.15 | D14: 560 | E14: 0 | F14: Planned | G14: =IFERROR(INDEX(Governorates!$B$4:$B$60,MATCH($A14,Governorates!$A$4:$A$60,0)),"") -> تعز | H14: =IFERROR(INDEX(Activities!$C$4:$C$60,MATCH($B14,Activities!$A$4:$A$60,0)),"") -> حقائب التعلم ومساحات التعلم المؤقتة | I14: =IFERROR(INDEX(Activities!$B$4:$B$60,MATCH($B14,Activities!$A$4:$A$60,0)),"") -> EDU
A15: TAI | B15: A04 | C15: 10551.69 | D15: 862 | E15: 0 | F15: Planned | G15: =IFERROR(INDEX(Governorates!$B$4:$B$60,MATCH($A15,Governorates!$A$4:$A$60,0)),"") -> تعز | H15: =IFERROR(INDEX(Activities!$C$4:$C$60,MATCH($B15,Activities!$A$4:$A$60,0)),"") -> التوعية بمخاطر الذخائر المتفجرة | I15: =IFERROR(INDEX(Activities!$B$4:$B$60,MATCH($B15,Activities!$A$4:$A$60,0)),"") -> CP
... A59: LAH | B59: A08 | C59: 1653.84 | D59: 500 | E59: 0 | F59: Planned | G59: =IFERROR(INDEX(Governorates!$B$4:$B$60,MATCH($A59,Governorates!$A$4:$A$60,0)),"") -> لحج | H59: =IFERROR(INDEX(Activities!$C$4:$C$60,MATCH($B59,Activities!$A$4:$A$60,0)),"") -> توزيع حقائب النظافة | I59: =IFERROR(INDEX(Activities!$B$4:$B$60,MATCH($B59,Activities!$A$4:$A$60,0)),"") -> SAN

Sheet Allocations
A1: Allocations
A3: GovernorateID | B3: SectorID | C3: People_Target | D3: People_Actual | E3: Activities_Target | F3: Activities_Actual | G3: Governorate | H3: Sector | I3: People_Progress
A4: ABY | B4: EDU | C4: 560 | D4: 300 | E4: 93 | F4: 55 | G4: =IFERROR(INDEX(Governorates!$B$4:$B$60,MATCH($A4,Governorates!$A$4:$A$60,0)),"") -> أبين | H4: =IFERROR(INDEX(Sectors!$B$4:$B$60,MATCH($B4,Sectors!$A$4:$A$60,0)),"") -> التعليم | I4: =IF(C4>0,D4/C4,0) -> 0.53571429
A5: ABY | B5: CP | C5: 560 | D5: 50 | E5: 93 | F5: 6 | G5: =IFERROR(INDEX(Governorates!$B$4:$B$60,MATCH($A5,Governorates!$A$4:$A$60,0)),"") -> أبين | H5: =IFERROR(INDEX(Sectors!$B$4:$B$60,MATCH($B5,Sectors!$A$4:$A$60,0)),"") -> حماية الطفل | I5: =IF(C5>0,D5/C5,0) -> 0.089285714
A6: ABY | B6: WATER | C6: 560 | D6: 50 | E6: 93 | F6: 64 | G6: =IFERROR(INDEX(Governorates!$B$4:$B$60,MATCH($A6,Governorates!$A$4:$A$60,0)),"") -> أبين | H6: =IFERROR(INDEX(Sectors!$B$4:$B$60,MATCH($B6,Sectors!$A$4:$A$60,0)),"") -> المياه | I6: =IF(C6>0,D6/C6,0) -> 0.089285714
A7: ABY | B7: SAN | C7: 560 | D7: 56 | E7: 93 | F7: 2 | G7: =IFERROR(INDEX(Governorates!$B$4:$B$60,MATCH($A7,Governorates!$A$4:$A$60,0)),"") -> أبين | H7: =IFERROR(INDEX(Sectors!$B$4:$B$60,MATCH($B7,Sectors!$A$4:$A$60,0)),"") -> الإصحاح والنظافة | I7: =IF(C7>0,D7/C7,0) -> 0.1
A8: ABY | B8: SBC | C8: 560 | D8: 65 | E8: 93 | F8: 23 | G8: =IFERROR(INDEX(Governorates!$B$4:$B$60,MATCH($A8,Governorates!$A$4:$A$60,0)),"") -> أبين | H8: =IFERROR(INDEX(Sectors!$B$4:$B$60,MATCH($B8,Sectors!$A$4:$A$60,0)),"") -> التغيير الاجتماعي والسلوكي | I8: =IF(C8>0,D8/C8,0) -> 0.11607143
A9: TAI | B9: EDU | C9: 560 | D9: 5 | E9: 93 | F9: 3 | G9: =IFERROR(INDEX(Governorates!$B$4:$B$60,MATCH($A9,Governorates!$A$4:$A$60,0)),"") -> تعز | H9: =IFERROR(INDEX(Sectors!$B$4:$B$60,MATCH($B9,Sectors!$A$4:$A$60,0)),"") -> التعليم | I9: =IF(C9>0,D9/C9,0) -> 0.0089285714
A10: TAI | B10: CP | C10: 560 | D10: 56 | E10: 93 | F10: 23 | G10: =IFERROR(INDEX(Governorates!$B$4:$B$60,MATCH($A10,Governorates!$A$4:$A$60,0)),"") -> تعز | H10: =IFERROR(INDEX(Sectors!$B$4:$B$60,MATCH($B10,Sectors!$A$4:$A$60,0)),"") -> حماية الطفل | I10: =IF(C10>0,D10/C10,0) -> 0.1
A11: TAI | B11: WATER | C11: 560 | D11: 61 | E11: 93 | F11: 5 | G11: =IFERROR(INDEX(Governorates!$B$4:$B$60,MATCH($A11,Governorates!$A$4:$A$60,0)),"") -> تعز | H11: =IFERROR(INDEX(Sectors!$B$4:$B$60,MATCH($B11,Sectors!$A$4:$A$60,0)),"") -> المياه | I11: =IF(C11>0,D11/C11,0) -> 0.10892857
A12: TAI | B12: SAN | C12: 560 | D12: 65 | E12: 93 | F12: 94 | G12: =IFERROR(INDEX(Governorates!$B$4:$B$60,MATCH($A12,Governorates!$A$4:$A$60,0)),"") -> تعز | H12: =IFERROR(INDEX(Sectors!$B$4:$B$60,MATCH($B12,Sectors!$A$4:$A$60,0)),"") -> الإصحاح والنظافة | I12: =IF(C12>0,D12/C12,0) -> 0.11607143
A13: TAI | B13: SBC | C13: 560 | D13: 55 | E13: 93 | F13: 66 | G13: =IFERROR(INDEX(Governorates!$B$4:$B$60,MATCH($A13,Governorates!$A$4:$A$60,0)),"") -> تعز | H13: =IFERROR(INDEX(Sectors!$B$4:$B$60,MATCH($B13,Sectors!$A$4:$A$60,0)),"") -> التغيير الاجتماعي والسلوكي | I13: =IF(C13>0,D13/C13,0) -> 0.098214286
A14: DAL | B14: EDU | C14: 550 | D14: 56 | E14: 92 | F14: 20 | G14: =IFERROR(INDEX(Governorates!$B$4:$B$60,MATCH($A14,Governorates!$A$4:$A$60,0)),"") -> الضالع | H14: =IFERROR(INDEX(Sectors!$B$4:$B$60,MATCH($B14,Sectors!$A$4:$A$60,0)),"") -> التعليم | I14: =IF(C14>0,D14/C14,0) -> 0.10181818
A15: DAL | B15: CP | C15: 550 | D15: 661 | E15: 92 | F15: 30 | G15: =IFERROR(INDEX(Governorates!$B$4:$B$60,MATCH($A15,Governorates!$A$4:$A$60,0)),"") -> الضالع | H15: =IFERROR(INDEX(Sectors!$B$4:$B$60,MATCH($B15,Sectors!$A$4:$A$60,0)),"") -> حماية الطفل | I15: =IF(C15>0,D15/C15,0) -> 1.2018182
... A38: LAH | B38: SBC | C38: 500 | D38: 0 | E38: 83 | F38: 0 | G38: =IFERROR(INDEX(Governorates!$B$4:$B$60,MATCH($A38,Governorates!$A$4:$A$60,0)),"") -> لحج | H38: =IFERROR(INDEX(Sectors!$B$4:$B$60,MATCH($B38,Sectors!$A$4:$A$60,0)),"") -> التغيير الاجتماعي والسلوكي | I38: =IF(C38>0,D38/C38,0) -> 0

Sheet Updates
A1: Updates
A3: ID | B3: Date_AR | C3: Date_EN | D3: Title_AR | E3: Title_EN | F3: Summary_AR | G3: Summary_EN | H3: URL | I3: Published
A4: U001 | B4: 10 أكتوبر 2026 | C4: 10 October 2026 | D4: إطلاق لوحة متابعة المشروع | E4: Project dashboard launched | F4: تعرف على معلومات المشروع ومؤشراته وأنشطته. | G4: Explore project information, indicators and activities. | H4: https://nahdamakers.org/ | I4: Yes
A5: U002 | I5: No

Sheet Summary
A1: Summary
A3: GovernorateID | B3: Governorate | C3: People_Target | D3: People_Actual | E3: People_Progress | F3: Activities_Target | G3: Activities_Actual | H3: Budget_USD
A4: =Governorates!A5 -> ABY | B4: =Governorates!B5 -> أبين | C4: =SUMIFS(Allocations!$C$4:$C$500,Allocations!$A$4:$A$500,$A4) -> 2800 | D4: =SUMIFS(Allocations!$D$4:$D$500,Allocations!$A$4:$A$500,$A4) -> 521 | E4: =IF(C4>0,D4/C4,0) -> 0.18607143 | F4: =SUMIFS(Allocations!$E$4:$E$500,Allocations!$A$4:$A$500,$A4) -> 465 | G4: =SUMIFS(Allocations!$F$4:$F$500,Allocations!$A$4:$A$500,$A4) -> 150 | H4: =SUMIFS(Activity_Data!$C$4:$C$500,Activity_Data!$A$4:$A$500,$A4) -> 100434.03
A5: =Governorates!A6 -> TAI | B5: =Governorates!B6 -> تعز | C5: =SUMIFS(Allocations!$C$4:$C$500,Allocations!$A$4:$A$500,$A5) -> 2800 | D5: =SUMIFS(Allocations!$D$4:$D$500,Allocations!$A$4:$A$500,$A5) -> 242 | E5: =IF(C5>0,D5/C5,0) -> 0.086428571 | F5: =SUMIFS(Allocations!$E$4:$E$500,Allocations!$A$4:$A$500,$A5) -> 465 | G5: =SUMIFS(Allocations!$F$4:$F$500,Allocations!$A$4:$A$500,$A5) -> 191 | H5: =SUMIFS(Activity_Data!$C$4:$C$500,Activity_Data!$A$4:$A$500,$A5) -> 100434.03
A6: =Governorates!A7 -> DAL | B6: =Governorates!B7 -> الضالع | C6: =SUMIFS(Allocations!$C$4:$C$500,Allocations!$A$4:$A$500,$A6) -> 2750 | D6: =SUMIFS(Allocations!$D$4:$D$500,Allocations!$A$4:$A$500,$A6) -> 1134 | E6: =IF(C6>0,D6/C6,0) -> 0.41236364 | F6: =SUMIFS(Allocations!$E$4:$E$500,Allocations!$A$4:$A$500,$A6) -> 460 | G6: =SUMIFS(Allocations!$F$4:$F$500,Allocations!$A$4:$A$500,$A6) -> 219 | H6: =SUMIFS(Activity_Data!$C$4:$C$500,Activity_Data!$A$4:$A$500,$A6) -> 98640.54
A7: =Governorates!A8 -> HOD | B7: =Governorates!B8 -> الحديدة | C7: =SUMIFS(Allocations!$C$4:$C$500,Allocations!$A$4:$A$500,$A7) -> 3100 | D7: =SUMIFS(Allocations!$D$4:$D$500,Allocations!$A$4:$A$500,$A7) -> 789 | E7: =IF(C7>0,D7/C7,0) -> 0.25451613 | F7: =SUMIFS(Allocations!$E$4:$E$500,Allocations!$A$4:$A$500,$A7) -> 515 | G7: =SUMIFS(Allocations!$F$4:$F$500,Allocations!$A$4:$A$500,$A7) -> 404 | H7: =SUMIFS(Activity_Data!$C$4:$C$500,Activity_Data!$A$4:$A$500,$A7) -> 111194.81
A8: =Governorates!A9 -> SHB | B8: =Governorates!B9 -> شبوة | C8: =SUMIFS(Allocations!$C$4:$C$500,Allocations!$A$4:$A$500,$A8) -> 2750 | D8: =SUMIFS(Allocations!$D$4:$D$500,Allocations!$A$4:$A$500,$A8) -> 0 | E8: =IF(C8>0,D8/C8,0) -> 0 | F8: =SUMIFS(Allocations!$E$4:$E$500,Allocations!$A$4:$A$500,$A8) -> 460 | G8: =SUMIFS(Allocations!$F$4:$F$500,Allocations!$A$4:$A$500,$A8) -> 0 | H8: =SUMIFS(Activity_Data!$C$4:$C$500,Activity_Data!$A$4:$A$500,$A8) -> 98640.54
A9: =Governorates!A10 -> ADE | B9: =Governorates!B10 -> عدن | C9: =SUMIFS(Allocations!$C$4:$C$500,Allocations!$A$4:$A$500,$A9) -> 2800 | D9: =SUMIFS(Allocations!$D$4:$D$500,Allocations!$A$4:$A$500,$A9) -> 0 | E9: =IF(C9>0,D9/C9,0) -> 0 | F9: =SUMIFS(Allocations!$E$4:$E$500,Allocations!$A$4:$A$500,$A9) -> 465 | G9: =SUMIFS(Allocations!$F$4:$F$500,Allocations!$A$4:$A$500,$A9) -> 0 | H9: =SUMIFS(Activity_Data!$C$4:$C$500,Activity_Data!$A$4:$A$500,$A9) -> 100434.02
A10: =Governorates!A11 -> LAH | B10: =Governorates!B11 -> لحج | C10: =SUMIFS(Allocations!$C$4:$C$500,Allocations!$A$4:$A$500,$A10) -> 2500 | D10: =SUMIFS(Allocations!$D$4:$D$500,Allocations!$A$4:$A$500,$A10) -> 0 | E10: =IF(C10>0,D10/C10,0) -> 0 | F10: =SUMIFS(Allocations!$E$4:$E$500,Allocations!$A$4:$A$500,$A10) -> 415 | G10: =SUMIFS(Allocations!$F$4:$F$500,Allocations!$A$4:$A$500,$A10) -> 0 | H10: =SUMIFS(Activity_Data!$C$4:$C$500,Activity_Data!$A$4:$A$500,$A10) -> 89673.23
A11: Total | C11: =SUM(C4:C10) -> 19500 | D11: =SUM(D4:D10) -> 2686 | E11: =IF(C11>0,D11/C11,0) -> 0.13774359 | F11: =SUM(F4:F10) -> 3245 | G11: =SUM(G4:G10) -> 964 | H11: =SUM(H4:H10) -> 699451.2
A13: By sector
A14: SectorID | B14: Sector | C14: People_Target | D14: People_Actual | E14: People_Progress | F14: Activities_Target | G14: Activities_Actual | H14: Budget_USD
A15: =Sectors!A5 -> EDU | B15: =Sectors!B5 -> التعليم | C15: =SUMIFS(Allocations!$C$4:$C$500,Allocations!$B$4:$B$500,$A15) -> 3900 | D15: =SUMIFS(Allocations!$D$4:$D$500,Allocations!$B$4:$B$500,$A15) -> 417 | E15: =IF(C15>0,D15/C15,0) -> 0.10692308 | F15: =SUMIFS(Allocations!$E$4:$E$500,Allocations!$B$4:$B$500,$A15) -> 649 | G15: =SUMIFS(Allocations!$F$4:$F$500,Allocations!$B$4:$B$500,$A15) -> 143 | H15: =SUMIFS(Activity_Data!$C$4:$C$500,Activity_Data!$I$4:$I$500,$A15) -> 385119
A16: =Sectors!A6 -> CP | B16: =Sectors!B6 -> حماية الطفل | C16: =SUMIFS(Allocations!$C$4:$C$500,Allocations!$B$4:$B$500,$A16) -> 3900 | D16: =SUMIFS(Allocations!$D$4:$D$500,Allocations!$B$4:$B$500,$A16) -> 832 | E16: =IF(C16>0,D16/C16,0) -> 0.21333333 | F16: =SUMIFS(Allocations!$E$4:$E$500,Allocations!$B$4:$B$500,$A16) -> 649 | G16: =SUMIFS(Allocations!$F$4:$F$500,Allocations!$B$4:$B$500,$A16) -> 147 | H16: =SUMIFS(Activity_Data!$C$4:$C$500,Activity_Data!$I$4:$I$500,$A16) -> 203065
A17: =Sectors!A7 -> WATER | B17: =Sectors!B7 -> المياه | C17: =SUMIFS(Allocations!$C$4:$C$500,Allocations!$B$4:$B$500,$A17) -> 3900 | D17: =SUMIFS(Allocations!$D$4:$D$500,Allocations!$B$4:$B$500,$A17) -> 870 | E17: =IF(C17>0,D17/C17,0) -> 0.22307692 | F17: =SUMIFS(Allocations!$E$4:$E$500,Allocations!$B$4:$B$500,$A17) -> 649 | G17: =SUMIFS(Allocations!$F$4:$F$500,Allocations!$B$4:$B$500,$A17) -> 218 | H17: =SUMIFS(Activity_Data!$C$4:$C$500,Activity_Data!$I$4:$I$500,$A17) -> 71706.2
A18: =Sectors!A8 -> SAN | B18: =Sectors!B8 -> الإصحاح والنظافة | C18: =SUMIFS(Allocations!$C$4:$C$500,Allocations!$B$4:$B$500,$A18) -> 3900 | D18: =SUMIFS(Allocations!$D$4:$D$500,Allocations!$B$4:$B$500,$A18) -> 130 | E18: =IF(C18>0,D18/C18,0) -> 0.033333333 | F18: =SUMIFS(Allocations!$E$4:$E$500,Allocations!$B$4:$B$500,$A18) -> 649 | G18: =SUMIFS(Allocations!$F$4:$F$500,Allocations!$B$4:$B$500,$A18) -> 221 | H18: =SUMIFS(Activity_Data!$C$4:$C$500,Activity_Data!$I$4:$I$500,$A18) -> 12900
A19: =Sectors!A9 -> SBC | B19: =Sectors!B9 -> التغيير الاجتماعي والسلوكي | C19: =SUMIFS(Allocations!$C$4:$C$500,Allocations!$B$4:$B$500,$A19) -> 3900 | D19: =SUMIFS(Allocations!$D$4:$D$500,Allocations!$B$4:$B$500,$A19) -> 437 | E19: =IF(C19>0,D19/C19,0) -> 0.11205128 | F19: =SUMIFS(Allocations!$E$4:$E$500,Allocations!$B$4:$B$500,$A19) -> 649 | G19: =SUMIFS(Allocations!$F$4:$F$500,Allocations!$B$4:$B$500,$A19) -> 235 | H19: =SUMIFS(Activity_Data!$C$4:$C$500,Activity_Data!$I$4:$I$500,$A19) -> 26661
A20: Total | C20: =SUM(C15:C19) -> 19500 | D20: =SUM(D15:D19) -> 2686 | E20: =IF(C20>0,D20/C20,0) -> 0.13774359 | F20: =SUM(F15:F19) -> 3245 | G20: =SUM(G15:G19) -> 964 | H20: =SUM(H15:H19) -> 699451.2
A22: All cells on this sheet are formulas calculated from Allocations and Activity_Data. The website does not read this sheet.
